9
65gdf2,Pinson,Lay,4992 Pearson Circle,Wichita,KA,67205,US,lpinson0@mapy.cz,lpinson0@hugedomains.com,lpinson0@simplemachines.org
4dfg36,Ikins,Caresse,95024 Hanover Junction,Miami,FL,33283,US,cikins1@techcrunch.com,cikins1@huffingtonpost.com,cikins1@biglobe.ne.jp
adg4hd,Mattheus,Naomi,96069 Hollow Ridge Hill,Pueblo,CO,81010,US,nmattheus2@newsvine.com,nmattheus2@nydailynews.com
dd12gu,Darbey,Sofie,09610 Harper Trail,Wichita,KA,67205,US,sdarbey3@themeforest.net,sdarbey3@godaddy.com
35gsdz,Gostridge,Alecia,7978 Dayton Pass,San Antonio,TX,78278,US,agostridge4@gnu.org
3cvbn8,Whyborn,Anastasia,249 Eagan Lane,Denver,CO,80204,US,awhyborn5@state.tx.us,awhyborn5@soundcloud.com,awhyborn5@theguardian.com
zopc3l,Gingedale,Kelly,21 Logan Way,Salt Lake City,UT,84130,US,kgingedale6@si.edu,kgingedale6@businessinsider.com
4o39dx,Dallewater,Phoebe,9842 Montana Avenue,Portland,OR,97206,US,pdallewater7@salon.com
006c8f,Terrelly,Elyse,90 Dayton Street,Columbia,SC,29215,US,eterrelly8@t-online.de,eterrelly8@de.vu